species,R1,R2
dgri,318.4320,258.96714
dmoj,132.7657,69.73923
dvir,543.9844,696.80922
