species,R1,R2,R3,R4
dana,204.5885,148.66722,230.49887,199.3192
dgri,318.4320,258.96714,240.11517,259.6903
dmel,241.2408,212.74946,204.11434,190.5641
dmoj,132.7657,69.73923,65.77837,110.6977
dper,107.1932,109.08483,124.48701,140.8748
dpse,245.1403,188.31841,228.28671,211.3906
dvir,543.9844,696.80922,663.95690,785.1595
dwil,155.7480,214.93546,282.80718,316.0916
dyak,106.0654,117.31824,102.06957,108.0820
